Type	comp.1	comp.2	comp.3	comp.4	comp.5	comp.6	comp.7	comp.8	comp.9	comp.10	comp.11	comp.12	comp.13	comp.14	offset
A[A>C]A	0.00151058939293959	0.00112303331095857	0.00032300347880656	0	0.00915460986829795	0.00649316351312778	0.000199538971404433	0.00460117671886067	0.00241104545258694	9.50252976220289e-05	0	0.027797576578982	0.0127582335311704	0.000410916974761828	0.00501261567089309
A[A>C]C	6.88386894672619e-05	0.000708031813339245	0	5.09684950952605e-05	0.0104769484512829	0.00985738250445052	0	0.00396077792368132	0	0	0	0.00769398028557852	0.0166759249328537	0	0.00364926669522356
A[A>C]G	0.00296326500992125	0.000349735354592029	0	0	0.0168359756477977	0.00117242849517402	8.8890720025975e-06	0.00161271102076303	0	0	0	0	0.0170677693557368	0.000217372413815757	0.00493790212229776
A[A>C]T	1.71758452509277e-06	0	0.000494526559067113	0.00252901791242575	0.00581649986324932	0.00841952959936933	0	0.000799619299612326	0.00013226567356348	0	0	0.00859228522086464	0.0115409072726277	0.00826194237590431	0.00339097466622877
C[A>C]A	0.00224459511739898	0.00184426752688319	0	0.000258233460658856	0.0118302510534784	0.0049715303581382	0.00119568441671568	0.00665965260314881	0	0	0	0	0.0134911616175725	0	0.00673304503066492
C[A>C]C	0.00192828801637971	0.0023767350904058	0	0.000137973396259821	0.00797985449072849	0	0.00235853012793677	0.0103899026742262	0	4.75240849347681e-06	0.000917196875363287	0	0.00203854821489322	0.00763972405106168	0.00595654627213246
C[A>C]G	0.00126320858954102	0.00154594452977362	0.000263184630742006	0.000150892904337421	0.0152027109876891	0	0.00182718725555854	0.00318701203307652	0.000667190914616922	0	0.0016427123547509	0	0.00926898106080243	0.013095479654605	0.00350040416521417
C[A>C]T	0	0.00317444616206013	0.00170254161939492	0.00186462890117429	0.0126858015575405	0.000783310713747234	0.00186463884025203	0	0.00243091242906215	0.000318108010186719	0.000329262795432315	0	0.00117708802550616	0.00517076860036316	0.00774356155094995
G[A>C]A	0.00147075649967683	0.000891978893363398	0	0	0.00892027213197586	0	0	0.00102360700595649	0.00571953013540579	0	0	0	0.0127877928895109	0	0.00415203937630065
G[A>C]C	0	0	0	0.000443828785069595	0.00538230989378925	0.00259532264485027	2.71547006380756e-06	0.00329433197923761	0	0	0	0	0.0373479563944955	0	0
G[A>C]G	0.000369855116832985	0	0.000618845540199129	0.000498260663046384	0.0167042035704045	0	0	0	0.00051946696031524	0	0	0	0.0229652082804052	0.00866626219756083	0.0016337226946987
G[A>C]T	0	0.000304271814740599	0.00225265056956398	0.000242652040764645	0.00541084849745616	0.00222049234709824	0	0	0.00075884594277974	0	0	0	0.0234540811931004	0.00482066473448097	0.00164324966780045
T[A>C]A	0.00127757454669226	0.000333304657502897	0	0	0.0152062559949982	0.00469036225545169	3.4613143134528e-05	0.00200232374226742	0.00360715148100004	1.75414350428248e-07	0	0	0.00453296483308563	0	0.00577085361092908
T[A>C]C	0.000289983112419315	0.000270816740197874	6.26858888014796e-05	0	0.015319245889114	0.0026206269526906	0	0.00508459043238405	0	0	0	0	0	0.00112829924359643	0.00449753277632023
T[A>C]G	0.000953080308864299	0	0	0	0.0188759876177477	0	0.000708891655851591	0.0009186834921458	0.000159147478270787	0	0	0	6.37768017010235e-05	0.0105849498601776	0.0031066743550726
T[A>C]T	0	0.000577726482314785	0.00102908203740541	0	0.0150293433735494	0.00891947337131642	0	0	0	1.71360149029089e-05	5.54721906978088e-06	0	0	0	0.00514774557630316
A[A>G]A	0.00167623863513915	0.0108468178152835	0.00370784379002144	0	0.00550416720210626	0.00309914878647714	0	0.000548996732180319	0.000738112350220329	0	0	0	0	0	0.0157762787503901
A[A>G]C	0.00101755136005269	0.0256865527130737	0.00274635930574421	0	0.0015505136745051	0	0.00858696688417856	0.000367840584295297	0	8.02218719664876e-05	0	0	0	0	0.0236156898198198
A[A>G]G	0.00359418599108887	0.0139329372477354	0.00352923733051578	0	0.0060112363964744	0.00723859879046329	0.000779869230073778	0	0	0	0	0	0	0	0.0201878445868485
A[A>G]T	0	0.0308912251020938	0.00751372115261233	0	0.0135494852461363	0	0	0.0153227855805897	0.00267275012586532	0.00105829202838147	0	0	0	0	0.0403928756395514
C[A>G]A	0.00540158760032714	0.0166514304686205	0	0	0	0.00030964874142294	0.00172261903237544	0	0	0	0	0	0.00338513029816529	0	0.0185608920534131
C[A>G]C	0.00435691117836744	0.0234623380797194	0	0	0	0	0.00544114890024817	0	0	0	0	0	0.0017137313615605	0.000819314116555666	0.0224285773870957
C[A>G]G	0.00622302138173829	0.022833856625165	0	0	0	0	0.00268575363303157	0	0	0	0.00188713315827746	0	0.00976808356793012	0.00819063505352349	0.0228466995651935
C[A>G]T	0.00289453185403638	0.0522523184529968	0	0.00452651864255326	0	0	0.0035133674793221	0.00648448517284252	0	0.00185321874004678	0	0	0	0.00428631228844159	0.0535428555949376
G[A>G]A	0.00399758713979131	0.0087971010116465	0	0.000212169846458204	0.000110841242031314	0.00578673269898488	0.00390645746541588	0	0	0	0	0	0.0192191890925511	0	0.00978698447864101
G[A>G]C	0.00306593257088936	0.0163689444650753	0	0	0	0	0.0131669616265456	0	0	0	0	0	0.0197241239875026	0.00149721050880329	0.0112796410185723
G[A>G]G	0.00494000420344111	0.00677129859026457	0	0	0.0092221136158177	0.00286202641373621	0.00555697847223896	0	0	3.2987981968983e-05	0	0	0.0289531280748654	0	0.00850047138891814
G[A>G]T	0.00294640876385385	0.02239295365702	0	0	0	0	0.00803343550109616	0.00989304775651553	0	7.75850361555405e-06	0	0	0.00901802191011753	0	0.0212956537407109
T[A>G]A	0.00375721951747167	0.0173262852999102	0	0.00032603153781792	0.000449607164228235	0.00852506659848412	0.00108162072190499	0.000102060693925517	0.00410690267090554	0	0	0	0.000535914288992309	0	0.0207362813389488
T[A>G]C	0.00284691224898056	0.0300162137870379	0	0	0	0	0.0103544455691494	0	0	0	0	0	0.00138602488865643	0.00617032991593169	0.0249400311766878
T[A>G]G	0.00581615668895977	0.0221633718312988	0	0	0	0.00206711670507446	0.00417048049205292	0	0.000219567014942046	0	0	0	0.00775187962456872	0	0.0229822127371203
T[A>G]T	0	0.0531564646420236	0.000912496611831488	0.00276432084607161	0.00583347638402438	0	0	0.0148479186624521	0	0.00149799060434634	0	0	0	0.000342191792910866	0.0547234908243173
A[A>T]A	0.000638520020676495	0	0	0.000697080949131412	0.00943169476331227	0.000534453436213079	0.00185411607332665	0.00411068721353386	0	1.74853386764606e-05	0	0.0302101313026771	0.00165161536303369	0	0.00224443002239505
A[A>T]C	0.000755887445631129	0.00145121226021092	5.23262759776084e-05	0	0.0146961344634469	0	0.00419590855809045	0.00178159354537706	0	1.26979825757908e-05	0	0	0	0	0.00347189239060459
A[A>T]G	0.000830582973627914	0	0	0	0.015981021547845	0	0.002317005646071	0	0	0	0	0	0.00216407464116498	0	0.00236245151505929
A[A>T]T	7.93061668473095e-05	0.00148251570341475	0.00154748713433196	0	0.0131288504564914	0.000799181949554622	0.00294851684229625	0.00317799004415285	0.000663988393508161	0	0	0.0834122541307666	0.000343137221047821	0	0.0027813448223007
C[A>T]A	0.0014894452132326	0	0	0	0.00770081097899625	0	0.00277025757930821	0.00439734873391712	0	0	0	0	0	0	0.00260547921772657
C[A>T]C	0.00137587673501244	0.0027888726394383	0	0	0.00678059191382967	0	0.00451502181952254	0.00211388711869576	0	0	0.00237342122397947	0	0	0.000393861635975884	0.00330616521085804
C[A>T]G	0.00112007047929946	0.000395827374130284	0.000609731590401002	0	0.0158456733167099	0	0.00368995431948634	0	0	0	0.00123345006120973	0	0	0	0.00294496821838273
C[A>T]T	0.00107805077795016	0.00502640244592415	0.00150726473089722	0.000888865202471995	0.00702767126094104	0	0.00743185070793674	0.0032855106746453	0	9.12128920952e-05	0	0	0	0.00027686726825982	0.00716709663563328
G[A>T]A	0.000312564542253432	0.000219104832041303	0	1.01756515891783e-05	0.0123504418880464	0	0.00191566266313897	0.00199482142405579	0.00127749560353383	0	0	0	0.00595766270952751	0	0.00235126923031036
G[A>T]C	0.000987593587224777	0.00289177919037894	0	0	0.00759694570122205	0	0.00581356313096152	0.00539246387939098	0	0.000184020048209209	9.75732627749781e-05	0	0.0087609960020169	0.00601758086800012	0.00287149102975274
G[A>T]G	0.000573771877735426	0.000258661367578232	0	2.25753073230124e-05	0.019908017377516	0.000310712920342454	0.00256310748913709	0	0	0	0	0	0.00158785723915938	0	0.00308232034383175
G[A>T]T	0.000717823593405496	0.0113541335579875	0	0	0.000887433813339088	0	0.0104845602369131	0.000594563299597365	0	0.000105017301106843	0	0	0.00204158513860063	0.000627450645101871	0.00751684430055634
T[A>T]A	0.000627444872845944	0	0	0.00584354122865855	0.00222068647478667	0	0	0.0117142354324941	0	0	0	0.343677371363209	0	0	0
T[A>T]C	0.000334245106546797	0.00218177644089046	0	0	0.0122330840963092	0.000160314100036555	0.00291994025896257	0.000633091207701017	0	0	0	0	0	0.00105215833199175	0.00332593849403216
T[A>T]G	0.000460044710041854	2.73189150795281e-05	0	0	0.0211641190527627	0	0.00239962618454162	0	0	0	0	0	0	0	0.0030098659219186
T[A>T]T	0	0.00408434787677793	0	0	0.0120662353343762	0	0.00322841730271382	0.00598668635336153	0	9.7411304462287e-05	0	0	0	0	0.0059397715623305
A[C>A]A	0.0044961066803184	0	0	0	0.00181559478084359	0.0214681625610759	0.00910595916166906	0.00409628482681052	0.00301064853527505	0.000201136447331026	0	0	0.00271614802889571	0	0.00651236628633982
A[C>A]C	0.00758719556940772	0	0.00858231728816441	0.00376694474016549	0.00251793212101319	0.0220673776630895	0.0195005692854822	0	0	0.00085661847096863	0	0	0.0101823822901432	0	0.0153570483240385
A[C>A]G	0.0142640538095418	0.00122738052088482	0.00137102351165238	0.00379033023633397	0	0.0290898349300695	0.0249773160782192	0.00403426496186608	0	0	0.0263071594061168	0	0	0	0.0112264287965426
A[C>A]T	0.0018751111124343	0	0.00113646231076313	0.000539509788297485	0.00184117925405411	0.0144876489496324	0.00794479501331381	0.00116540843984105	0.00851325203336065	4.56905935210636e-05	0	0	0	0	0.00567521990663293
C[C>A]A	0.000711257511510971	0	0.00272230890449364	0.00161268938481055	0	0.0154041043905505	0.00933763294777145	0.00342253299441564	0	0.000130402700212767	0	0	0.000640735579263696	0	0.00487134313027209
C[C>A]C	0.00101132378880601	0	0.00338809769607575	0.00257599514682927	0	0.0197218233845503	0.00845419183503772	0.0149577400718086	0	3.47524432231436e-05	0.000328527331262987	0	0.00236379965754537	0	0.0102134340888352
C[C>A]G	0.00400394157400997	0.0011617551937657	0.00702741585414238	0	0.00040376566528286	0.0017722921504068	0.0176846210790532	0	0.0172695579154823	0.000104383076494734	0.0600711096970902	0	0.0270436626296011	0.0146287031787694	0
C[C>A]T	0.00055577053101299	0	0.00181733352096852	0.00135319642421501	0.000106734346128877	0.0123684379872753	0.00780432752950551	0.00637579753548502	2.0275477538575e-05	8.4468415438841e-06	0	0	0.000595825092337069	0.000741066203656576	0.00432182447371147
G[C>A]A	0.00543567119248317	0	0.00301181731758837	0.00158201707088138	0.0017207160219418	0.00921805620891301	0.0162603272664438	0	0	0.000448407346404621	0	0	0.0100600503723658	0.000820128321295645	0.00496975390377182
G[C>A]C	0.00815452295439667	0	0.0070212700871841	0	0	0.00332566930955894	0.0160803681686259	0.000815692071819818	0.00404105918392502	0.000559047072568508	0.000158266739795836	0	0.00848672666245003	0	0.00973319165775068
G[C>A]G	0.021890029852411	0	0	0	0	0	0.0410714688117797	0	0	0.00365500522506197	0.0480543388614526	0	0.0524210381217041	0	0
G[C>A]T	0.00198212770502067	0	0.00269029659102245	0.00221623165463513	0	0.00930274901066248	0.00869104971531373	0	0.00442370182226768	0	0	0	0.00231692757725283	0	0.00562670011215261
T[C>A]A	0.000999039912186589	0.00099908325622365	0	0	0.000651672611892193	0.0163639386397964	0.00625462712645962	0.00593730363068534	0	0	0	0	0.0118636708393956	0.0109092996564721	0.00227468827938255
T[C>A]C	0.00276522152813157	0.000317811576589436	0.00111851726778566	0	0	0.0194822090262649	0.00717902169100354	0.015279919193251	0	0	0	0	0.00418346241522194	0.00635125038391148	0.00735955486315145
T[C>A]G	0.00977563845333343	0.00162412578716942	0	0	0	0.0118057924308749	0.0179463014025499	0.0166914976944787	0	5.54318522714149e-05	0.0234384060978317	0	0.0266239219804717	0.0350153414274518	0
T[C>A]T	0.00212191923635371	0.000969452659256642	0	0	0.00814160420245101	0.015839052612244	0.0096812618587873	0.00178263948540113	0.00146482267076644	0	0	0	0.0100973798304156	0.0195981240686919	0.00235281475226777
A[C>G]A	0.00216135774555678	0	0.000348788608990635	0.000287530248272663	0.00349620488487604	0.00552867098039698	0.00187847284879831	0.0341783346711462	0	0	0	0	0	0	0.0111081028754284
A[C>G]C	0.00236221354540672	0	2.92967437644761e-05	0	0	0	0.00286462063751321	0.0450069303221717	0	0	0	0	0.000640020128503147	0	0.0115304617637353
A[C>G]G	0.0028165805179489	0	0	0	0.0298536686332997	0.0411863801725622	0.0042420848807573	0.0182730842667903	0	0	0.0643255291381477	0	0.00736098662645391	0	0.0040635389690706
A[C>G]T	0	0	0	0	0.00455537628658126	0	0.00245866472786635	0.0641042173395946	0.001494663621247	0	0	0	0	0	0.0149383453296356
C[C>G]A	0.000405655328963616	0.000451238373273542	0	0.0023020647786336	0	0.00672951553729829	0.00080407450401971	0.0242845451474633	0	1.62313372795197e-05	0	0	0	0	0.00923855934276708
C[C>G]C	0.00200163184995658	0.00592314844772697	9.63092501541446e-05	0.00166592324700515	0	0	0.00153309948280851	0.0332692993021129	0	0	0.0026973899034541	0	0.000788463635366475	0.00368149250482013	0.014851499421867
C[C>G]G	0	0.00066062901731306	0.00718279380214744	0.00915320708470943	0.00141657262431094	0.00709535478850201	0	0.0258363837143819	0.00265658163446599	0	0.110168658058391	0	0.0125562661825324	0.0368386845734408	0
C[C>G]T	0	0.00278377095121107	0	0	0	0	0.00063792327897864	0.0512301466525627	0.00264752232073683	0	0	0	0	0	0.0146650321494347
G[C>G]A	0.00130684011620115	0.000517034479598352	0	0.000937989974870904	0	0.00778142304862482	0.00113113326975277	0.0206607953598528	0	2.627891596444e-05	0	0	0.000224475219199502	0	0.00805089403843433
G[C>G]C	0.00266294279441391	0.000306197894173605	0	0	0	0	0.0034002548470162	0.0270688679999327	0	0.000437165140330377	0.0012956318580035	0	0.0110447190345487	0.0104540923249491	0.00581563384475343
G[C>G]G	0.000960406461772203	0.00120842226338977	0	0	0.00564723373400486	0.0269375461371224	0.00970072277720423	0.0172179131900722	0	0.000518804027606155	0.0680073564794616	0	0.0173765425937455	0.00243513130748121	0
G[C>G]T	0.00116083102528694	0	0	0	0.000342585759370164	0	0.000764872627239342	0.0466498222709034	0.00262416203198069	0	0	0	0	0	0.0121119065438914
T[C>G]A	0	0.00175422239398621	0	0	0.00306790873839319	0.00467719248717857	0	0.0345986732503619	0.00244784712758038	0	0	0	0	0	0.0112819004586464
T[C>G]C	0.00048732377536339	0.00397165933206371	0	0	0	0	0.000282962905098207	0.0407784564196918	0.00102146020871819	0	0	0	0	0.00225305462539041	0.0132690604183115
T[C>G]G	0	0.00242256085114334	0	0.000355915878363391	0	0.0490733940932454	0	0.0435954838993785	0	3.77234953548034e-05	0.0876802092320544	0	0	0.0359613530023584	0.000954733353118689
T[C>G]T	0	0.00368679946036203	0	0	0.00244448606025384	0	0	0.0651528532789003	0.00265053253355398	0	0	0	0	0	0.0190475599576374
A[C>T]A	0.00839196432461065	0	0.0340206667614926	0.000942647552249236	0.0177480504821434	0	0	0.0081593711538453	0.00157263619577749	0.00316067502977154	0	0	0.00511821015757598	0	0.0446906253636092
A[C>T]C	0.0103684336070385	0	0.0472563858922553	0	0.000262351348799146	0	0.00527541448756237	0	0	0.00188535575629791	0	0	0.00586470995704452	0	0.049872367387915
A[C>T]G	0.0668600796486203	0.0743679436439684	0.099101654874777	0	0	0	0.000437704339089987	0	0	0.125282338322204	0	0	0.098377505909149	0	0.270645486814484
A[C>T]T	0.00877462937973269	0.00040372862372602	0.025970726532123	0.00846216862935139	0.008253009009644	0.00222311725634799	0.00437494649061238	0	0	0.00121050854809891	0	0	0	0.0198229808172317	0.037956932600549
C[C>T]A	0	0.00358726790405116	0.0349591236837504	7.67340159414718e-05	0.00151839338715101	0	0.00186122574215375	0.0112475758876908	0.00256868661829645	0.000924538732046454	0	0	0.000708469956064362	0	0.037368118420382
C[C>T]C	0.00436577606471558	0.00221151830434438	0.0490663009012518	0	0	0	0.00891661793056303	0	0	2.73631685243686e-05	0	0	0.00262441388165862	0	0.0459696870651974
C[C>T]G	0	0.0570871985185972	0.125067937105693	0	0	0	0	0	0.00256842021714343	0.124336888117255	0	0	0	0	0.228181179176345
C[C>T]T	0.00495110174843598	0.00649501249823096	0.039429182309598	0	0	0	0.0121125844944315	0	0	0	0	0	0	0.00361640809724547	0.0407343372844239
G[C>T]A	0.00402553938882491	0	0.0290632294565718	0.00174209225539848	0.0152979557201008	0	0.004007656426469	0.0187348881177591	0	0.000542093097116717	0	0	0	0	0.036291848968037
G[C>T]C	0.0122431049545772	0	0.0378251201242008	0	0.00330045432860568	0	0.0232866521553624	0.000252337950818061	0	0	0	0	0	0	0.0370938843826311
G[C>T]G	0	0.0232816534565255	0.0643085707769454	0	0	0.00416256462806117	0.021404054912334	0.0160174288151064	0.0353353990737053	0.132757533979269	0	0	0	0	0.158205884842948
G[C>T]T	0.0168701456605602	0	0.0251804899614792	0	0.00498379518652409	0	0.0207901436862695	0	0	0	0	0	0	0	0.031144930832207
T[C>T]A	0	0.00723731698808237	0.0268237504772624	0	0	0	0	0.0126787073890799	0.000254491102854068	0.000685072815378232	0	0	0	0	0.0332473428484241
T[C>T]C	0.000956898559242159	0.00533058716676746	0.0441080352079465	0	0	0	0.00223583879469744	0	0.000981499945009359	0.000103204144976115	0	0	0.00129952022850465	0.000985163300667658	0.043609510659665
T[C>T]G	0	0.0477968867930601	0.146682595766834	0	0	0.00789105377479915	0	0	0	0.0968361848602188	0	0	0.0627436184749213	0	0.216230756702754
T[C>T]T	0	0.00456925615956499	0.0303158169195964	0	0	0	0.00152904367413894	0.00556317324939742	0.000792319125350066	0	0	0	0	0.00203732975179145	0.0314888338599114
A[G>A]A	0.00456679674797904	0	0	0.0303269687951272	0	0	0.00152480985180805	0.000787502856671969	0.00556624328546479	0	0	0	0.00202685108925445	0	0.0315246524804034
A[G>A]C	0	0.0168329712789614	0	0.0252604122768929	0	0.004989910082579	0.0207907338614765	0	0	0	0	0	0	0	0.0312648848995383
A[G>A]G	0.00653574509369028	0.00495993756200294	0	0.0397124276579043	0	0	0.0121613435113294	0	0	0	0	0	0.00362232059881443	0	0.0407318043222572
A[G>A]T	0.000404097540212233	0.00874348744962205	0.008424498027601	0.026018024382046	0.00221752462818421	0.00825199225610737	0.00436917090447904	0	0	0.00120891049509421	0	0	0.0197496755050616	0	0.0377839090895045
C[G>A]A	0.0468110399889759	0	0	0.143787395813854	0.00770181529558919	0	0	0	0	0.0946271962266911	0	0	0	0.0614586683893256	0.219232358031872
C[G>A]C	0.0237506936719263	0	0	0.0656636299203856	0.00423187551259983	0	0.0217865345918392	0.0358474526509491	0.0163579434467466	0.135129844238062	0	0	0	0	0.156215847707482
C[G>A]G	0.0571526135299627	0	0	0.125324765913562	0	0	0	0.00255710914371858	0	0.124201539611174	0	0	0	0	0.228331208597832
C[G>A]T	0.074142848953308	0.0663604970160893	0	0.0988912702133773	0	0	0.000435405560062517	0	0	0.124624368121483	0	0	0	0.0980943989142079	0.275449572685891
G[G>A]A	0.00533505940551947	0.000953431188546327	0	0.044185062573639	0	0	0.00223272029181161	0.00097687795995225	0	0.000103060197914859	0	0	0.000981446822895462	0.00130080488674769	0.0437775726175166
G[G>A]C	0	0.0122215794779058	0	0.0379621138954501	0	0.00330597887938286	0.0232977080143418	0	0.000253298439545535	0	0	0	0	0	0.0371113986515308
G[G>A]G	0.00222157484567907	0.00436607417971543	0	0.0493341080307421	0	0	0.00893717353325427	0	0	2.74262492153818e-05	0	0	0	0.00263674203457005	0.046118651178542
G[G>A]T	0	0.0103618526133012	0	0.0474809141553252	0	0.00026308624619181	0.00528385906728285	0	0	0.00188837372522207	0	0	0	0.00588811739310356	0.0500725718548012
T[G>A]A	0.0072265841094116	0	0	0.026808253346993	0	0	0	0.000252705033344269	0.0126737129937091	0.000682530122672396	0	0	0	0	0.0333547573436659
T[G>A]C	0	0.00400033772081995	0.0017296179166903	0.0290369338814589	0	0.0152544502152589	0.00399147522387712	0	0.018721380034673	0.000539904357041552	0	0	0	0	0.0363487465425576
T[G>A]G	0.00358884368590994	0	7.63562077448437e-05	0.0350061879532231	0	0.00151748658896055	0.00185788745928002	0.00255556937861217	0.0112647896141925	0.000922880485147443	0	0	0	0.000708887101566795	0.0375116755686666
T[G>A]T	0	0.0083397405571168	0.000935932878434062	0.0339911642720584	0	0.0176982428529455	0	0.00156114684765843	0.00815379481780188	0.00314803197559325	0	0	0	0.00510990337021954	0.0446295878537924
A[G>C]A	0.00364285028257188	0	0	0	0	0.00241284375200168	0	0.00260441847854022	0.0644464009839302	0	0	0	0	0	0.0191268303911176
A[G>C]C	0	0.00114552255554656	0	0	0	0.00033923021509816	0.000756474225286759	0.00258673454847283	0.0462912395454905	0	0	0	0	0	0.0120582273619888
A[G>C]G	0.00277997102007874	0	0	0	0	0	0.000635630667166092	0.00262925205292114	0.0512160158421859	0	0	0	0	0	0.014621964707783
A[G>C]T	0	0	0	0	0	0.00452816784366686	0.0024410538786744	0.0014790325039881	0.0638569919559955	0	0	0	0	0	0.0149280022659658
C[G>C]A	0.00241173605938771	0	0.000352426159738611	0	0.0486867287168556	0	0	0	0.0434480217102332	3.74711162165108e-05	0.0870936078197735	0	0.0356357122505928	0	0.000792162103324485
C[G>C]C	0.00121486742328758	0.000961223733968297	0	0	0.026988429722034	0.00567147156280417	0.00973069553657257	0	0.0173286250444846	0.00052040699973884	0.0682174818668013	0	0.00243683930553118	0.0174718319283023	0
C[G>C]G	0.000652926469747591	0	0.00899799214530785	0.00710548260409235	0.00698859965736811	0.00139860572411614	0	0.00261105257767568	0.0255629975085919	0	0.108641139188377	0	0.0362414096725454	0.0124117222653923	0
C[G>C]T	0	0.00281833810473285	0	0	0.0412548220792044	0.0299750014593912	0.00425422694428083	0	0.0183864107093491	0	0.0645096472505701	0	0	0.00739967442886826	0.00417658202405188
G[G>C]A	0.00400550319997965	0.000489285039310929	0	0	0	0	0.000284737206834917	0.00102445377657767	0.0411707992094026	0	0	0	0.00226178413045936	0	0.0132869368155608
G[G>C]C	0.000306215766303438	0.00265122403731712	0	0	0	0	0.00339286389506971	0	0.0270999733912399	0.000436214897866139	0.00129281561238848	0	0.0104065318437195	0.0110470145463924	0.00580298588549955
G[G>C]G	0.00595797056701216	0.0020044221008317	0.00166673446809858	9.69632780566661e-05	0	0	0.00153867073993215	0	0.0335013889014889	0	0.00270719217191963	0	0.00368607353592506	0.000793217541332464	0.0147015856507997
G[G>C]T	0	0.0023553728353301	0	2.93693386621018e-05	0	0	0.0028627142583229	0	0.0451267521901503	0	0	0	0	0.000641120702586233	0.0113887373192617
T[G>C]A	0.00175011238002947	0	0	0	0.00465024619530314	0.00305754987176933	0	0.00242857432575416	0.0345552590820819	0	0	0	0	0	0.01129453332336
T[G>C]C	0.00051744694954657	0.00130205109220347	0.000933706137887393	0	0.00776094791179863	0	0.00112950907141112	0	0.0206998302149363	2.62411819742274e-05	0	0	0	0.000224687873906404	0.00807227251389457
T[G>C]G	0.000452718612808421	0.0004051713741479	0.00229723570355288	0	0.00672845794069247	0	0.000804911696885526	0	0.0243907817895457	1.62482371559679e-05	0	0	0	0	0.00919678080364867
T[G>C]T	0	0.00216966106070779	0.000288373418437374	0.000352015542252186	0.00555566635230952	0.00352170275141212	0.00188990745590664	0	0.0345008912728979	0	0	0	0	0	0.0111499541278072
A[G>T]A	0.000977793153310842	0.00213063216533487	0	0	0.0159205843328847	0.00820314141194789	0.00974275932889467	0.00146923498114897	0.00179993710396117	0	0	0	0.0196756562513397	0.0101857727906696	0.00221632297419074
A[G>T]C	0	0.00197250274529412	0.00220347225522182	0.00269166156924552	0.00926717706997955	0	0.00866819348790678	0.00439742466709703	0	0	0	0	0	0.00231634959072982	0.00575667770851578
A[G>T]G	0	0.00055296325352017	0.00134514173189312	0.00181789879573607	0.0123187257181001	0.000106560324397015	0.0077822758780116	2.01510845981728e-05	0.00637895373970268	8.42297442589786e-06	0	0	0.00073721278606681	0.000595559569651393	0.00430634162213175
A[G>T]T	0	0.00188388381308713	0.000541542921881509	0.00114793276653722	0.0145705247864181	0.00185615296379986	0.00799981937817099	0.00854376266519938	0.00117738756424755	4.60070391794136e-05	0	0	0	0	0.0057001326156909
C[G>T]A	0.00163244841673135	0.00978192164316175	0	0	0.0118256321274161	0	0.0179980056636882	0	0.0167953297101394	5.55915544240163e-05	0.023505933408466	0	0.0350326111529811	0.0267643525782478	0
C[G>T]C	0	0.0216093095980599	0	0	0	0	0.0406354572145421	0	0	0.00361620396686021	0.0475441976454859	0	0	0.0519883240147678	0
C[G>T]G	0.00117119854149702	0.00401848984579735	0	0.00709096114796635	0.00178057647295478	0.000406625970234261	0.0177885799781658	0.0173134230797902	0	0.000104996691548733	0.0604242372198494	0	0.0146796623475498	0.0272675623587678	0
C[G>T]T	0.00122071717628866	0.0141233603776816	0.00374954500555662	0.00136481655892493	0.0288327789411971	0	0.0247862725188817	0	0.004016739520303	0	0.0261059442974451	0	0	0	0.0113976608619749
G[G>T]A	0.000317518562109596	0.00275035389568402	0	0.0011184991314567	0.0193975563245851	0	0.00715639483722811	0	0.0152824817560188	0	0	0	0.00631615790272875	0.00418023005483499	0.00738022432883913
G[G>T]C	0	0.00811818529959965	0	0.0070276542680048	0.00331428335754685	0	0.0160445213901784	0.00401866856147947	0.000816583913371394	0.000557800830172688	0.000157913927428756	0	0	0.00848801771041885	0.00983724893522241
G[G>T]G	0	0.0010191269457614	0.00259351969518541	0.00343264027946187	0.0198946040344634	0	0.00853847945847332	0	0.0151571735043876	3.50989223313795e-05	0.000331802722752335	0	0	0.00239306441443902	0.0100546795949296
G[G>T]T	0	0.00758413498333719	0.00376201456858927	0.0086250902832817	0.0220813527664633	0.00252556980673872	0.0195363057539051	0	0	0.000858188297904969	0	0	0	0.0102253889247686	0.0156017560574827
T[G>T]A	0.00100663743100392	0.00100210557216587	0	0	0.0164311762254938	0.00065591972407196	0.00628785387460128	0	0.00598872093027819	0	0	0	0.01094114072264	0.0119551598836878	0.00224283346279758
T[G>T]C	0	0.00540574564466911	0.00157188236964232	0.00301137862327093	0.00917681452215381	0.0017171262009107	0.0162069797503559	0	0	0.000446936194088049	0	0	0.00081549130187493	0.0100509762361775	0.00516025967272884
T[G>T]G	0	0.000708306235213956	0.00160454305342744	0.00272562378687068	0.0153560962323307	0	0.00931968804231094	0	0.00342733077836064	0.000130152094503569	0	0	0	0.000641030511397753	0.0048897128146079
T[G>T]T	0	0.00449174325267966	0	0	0.0214695709235952	0.00182006888770249	0.00911747105593621	0.00300444981008664	0.00411512130800099	0.000201390727135475	0	0	0	0.00272607257556387	0.00661546953772111
A[T>A]A	0.00405717689183342	0	0	0	0	0.0119735473600498	0.0031997828474874	0	0.00595334630115001	9.6547314657181e-05	0	0	0	0	0.00594907343927529
A[T>A]C	0.0113642387923075	0.000715258988901652	0	0	0	0.000887303412188119	0.0104704703969801	0	0.000595741524606147	0.000104876171967485	0	0	0.000625115489990689	0.00204370756894509	0.00751878415694581
A[T>A]G	0.00502213131848224	0.00107233200257941	0.000883349165283609	0.00150734927020478	0	0.00701442492458467	0.00740896264377397	0	0.00328629927502626	9.09319813760816e-05	0	0	0.000275357405057402	0	0.00709881874978665
A[T>A]T	0.00147760387382794	7.86909741424445e-05	0	0.00154375834177238	0.000793804947838919	0.0130717955686085	0.00293218895399034	0.000658119907785519	0.00317091553085382	0	0	0.0829503452994334	0	0.000342051464225179	0.00278756150486983
C[T>A]A	2.71853387465296e-05	0.00045575410130376	0	0	0	0.0210388173683025	0.00238256366778493	0	0	0	0	0	0	0	0.00298324494844868
C[T>A]C	0.000258525419552385	0.000570913331050464	2.24424902562177e-05	0	0.000309485575031936	0.0198769397049037	0.0025560428110939	0	0	0	0	0	0	0.00158725988685546	0.00307579517015287
C[T>A]G	0.00039272691920713	0.00110634210242582	0	0.000605504107475126	0	0.0157052686753267	0.00365288043240742	0	0	0	0.00122105728224082	0	0	0	0.00299782609971471
C[T>A]T	0	0.000834620305581029	0	0	0	0.0161139140531562	0.00233347629126312	0	0	0	0	0	0	0.00218465981463878	0.00238704787473873
G[T>A]A	0.00218385076349691	0.000333071145243636	0	0	0.00015991671021039	0.0122320288672227	0.00291619322610691	0	0.000634384280852239	0	0	0	0.00104830617955347	0	0.00333100274749987
G[T>A]C	0.00289223602064118	0.000983345437820866	0	0	0	0.0075902739661397	0.00580150428258827	0	0.00539919818640929	0.000183638342565182	9.73708703429048e-05	0	0.00599080075587739	0.00876368966169054	0.00287514112412373
G[T>A]G	0.00277718643001729	0.00136400236573512	0	0	0	0.00674518378418677	0.00448606774964735	0	0.00210732523240615	0	0.00235820087583736	0	0.000390404101423465	0	0.00336794914316169
G[T>A]T	0.00143822604055902	0.000745783181039212	0	5.19050469339331e-05	0	0.0145495363196924	0.0041490803546445	0	0.00176757667405945	1.25562674494529e-05	0	0	0	0	0.00343529335100324
T[T>A]A	0	0.000622643330075992	0.00579357090256494	0	0	0.00221126909547123	0	0	0.0116893911740689	0	0	0.341810249705231	0	0	0
T[T>A]C	0.000220582275726898	0.000313269136957678	1.01893522909507e-05	0	0	0.0124208403914406	0.00192427578223548	0.00127898041220694	0.00201046308601954	0	0	0	0	0.00599873221214154	0.00234711390690594
T[T>A]G	0	0.00147686848555205	0	0	0	0.00766203862962762	0.00275301019872496	0	0.0043845232536354	0	0	0	0	0	0.00264700504210554
T[T>A]T	0	0.000634240207374083	0.000691781452225199	0	0.000531421716845352	0.00940068655173405	0.00184580810430922	0	0.00410589521857534	1.74069899397914e-05	0	0.0300747650014591	0	0.00164813896587576	0.00227292424427109
A[T>C]A	0.0528550033381468	0	0.00273390964034291	0.000908144229675274	0	0.00579438418239448	0	0	0.0147798156636547	0.00148617080920109	0	0	0.000338683425029673	0	0.0551253868203041
A[T>C]C	0.0223746193150851	0.00293086972456277	0	0	0	0	0.00800894306893177	0	0.00989572917777473	7.7348493989396e-06	0	0	0	0.00901198510189933	0.021287826036476
A[T>C]G	0.0521343121368593	0.00287511790734844	0.00449208626850714	0	0	0	0.00349760919171418	0	0.00647689723486102	0.00184490661383797	0	0	0.00425692726977007	0	0.0534612875495711
A[T>C]T	0.0305820304637756	0	0	0.00744525898911184	0	0.0133999694368007	0	0.00263133028715057	0.0151859627699929	0.00104536109017273	0	0	0	0	0.0408268228080795
C[T>C]A	0.0220924322813883	0.00577169059128925	0	0	0.00205344045131861	0	0.00414785356434913	0.000217650975961903	0	0	0	0	0	0.00772822264556661	0.0229537985215826
C[T>C]C	0.00680329211080424	0.00494121459392267	0	0	0.00286569659434243	0.00925608744411519	0.0055707733530916	0	0	3.30698727452573e-05	0	0	0	0.0290942757243714	0.00852083895119902
C[T>C]G	0.0227646653817123	0.00617650131072517	0	0	0	0	0.00267163912473521	0	0	0	0.00187721566015282	0	0.00812819127587191	0.00973993980891988	0.0228851915595947
C[T>C]T	0.0138605157881138	0.00355956150483562	0	0.00351407581229218	0.00717630078396541	0.00597379541230969	0.000774084048402714	0	0	0	0	0	0	0	0.0203433580514685
G[T>C]A	0.0301059707273122	0.00284269358607995	0	0	0	0	0.0103622292524683	0	0	0	0	0	0.0061602657647692	0.0013903772703484	0.0249682347592284
G[T>C]C	0.0163648898009569	0.00305150617125823	0	0	0	0	0.0131343202555107	0	0	0	0	0	0.00148994286491962	0.0197221854932507	0.0112941646697064
G[T>C]G	0.0234081589315447	0.00432746853565897	0	0	0	0	0.00541646824760379	0	0	0	0	0	0.000813655837991806	0.00171002956425215	0.022280213828913
G[T>C]T	0.0256077774232064	0.00100990761214153	0	0.00274041900013379	0	0.00154415712906697	0.00854152611152216	0	0.00036711246334625	7.9797351423289e-05	0	0	0	0	0.0236249613554236
T[T>C]A	0.0173974349412554	0.00375582694176766	0.000325615495560516	0	0.00853074493014118	0.000450985739696573	0.00108363838532889	0.00410090767400831	0.000102591575338017	0	0	0	0	0.000538195425227673	0.0208788191806815
T[T>C]C	0.00883182554016087	0.00399547194672563	0.000211865507118823	0	0.0057896690776829	0.000111163474744642	0.00391312413019992	0	0	0	0	0	0	0.0192979362756308	0.00994602428638759
T[T>C]G	0.0166647468118427	0.00538180352421742	0	0	0.000308834569479425	0	0.00172014887023501	0	0	0	0	0	0	0.00338834377704014	0.0186320111161684
T[T>C]T	0.0107609542653613	0.00165555468178595	0	0.00368182735987919	0.00306408129135801	0.00545493883123634	0	0.000728210159151716	0.00054524491163409	0	0	0	0	0	0.0158497256857922
A[T>G]A	0.000580631614675645	0	0	0.00103519449217669	0.00893361090363104	0.0150892702618112	0	0	0	1.71837464648169e-05	5.56267058706461e-06	0	0	0	0.00517476315007027
A[T>G]C	0.000301378058355918	0	0.000239055943627474	0.00223324971262181	0.00219183876250396	0.00535383653199312	0	0.000747462387632498	0	0	0	0	0.00475281787160518	0.0232344948897571	0.00163364022405018
A[T>G]G	0.00318756311629773	0	0.00186229694263422	0.00171112649443392	0.000783852432071481	0.0127250227500531	0.00186816475781066	0.00242742579461428	0	0.000318709532902242	0.000329885411161836	0	0.0051682113798306	0.00118212846222576	0.00775248929675858
A[T>G]T	0	1.71975694567143e-06	0.00252992302333163	0.000497820621206565	0.00843892164767876	0.00584387959366309	0	0.000132288678903325	0.000805093647285495	0	0	0.00862239703250862	0.00827115595729246	0.011608993473423	0.00343001391346397
C[T>G]A	0	0.000948075088122157	0	0	0	0.0188414145668471	0.000706746198044059	0.000158139214641932	0.00091895306228573	0	0	0	0.0105277881716139	6.37355351057623e-05	0.00310946883087479
C[T>G]C	0	0.00036833278236286	0.000495760352885571	0.000619619840767529	0	0.0166926427825747	0	0.000516765189048816	0	0	0	0	0.00862930186216424	0.022976548628715	0.00164935709998979
C[T>G]G	0.00154506960493894	0.00125686448837786	0.000149999099511703	0.000263274149107401	0	0.015178365568293	0.00182207739963637	0.000663116886237574	0.00318868242022843	0	0.00163811839568687	0	0.0130277642343978	0.0092651198659701	0.00349353572429059
C[T>G]T	0.000349275597225709	0.00294617434366348	0	0	0.00116687541154587	0.0167964237458319	8.85757325084576e-06	0	0.00161234762643007	0	0	0	0.00021608641926551	0.0170478799150139	0.00498039254939635
G[T>G]A	0.00027042897282298	0.000288276780217268	0	6.26528818243476e-05	0.00260790839430427	0.0152814627245648	0	0	0.00508284785709477	0	0	0	0.00112149243263184	0	0.00448332328798926
G[T>G]C	0	0	0.000443454275031211	0	0.0025981753681568	0.00540114970311381	2.72171301237315e-06	0	0.00331290111243281	0	0	0	0	0.0375231627453247	0
G[T>G]G	0.00239399580479736	0.00193363167917743	0.000138230428242085	0	0	0.00802947972918143	0.00237035643653194	0	0.0104767723752829	4.77623835630046e-06	0.000921795948812503	0	0.00765975038241675	0.00205365979008226	0.00604654776759055
G[T>G]T	0.0007085411819483	6.85810551813115e-05	5.07317482005764e-05	0	0.00983067528611615	0.0104736235380544	0	0	0.00396795045071212	0	0	0.0076823310231883	0	0.0166904160400398	0.00369047489090925
T[T>G]A	0.000333127535783693	0.00127120222417396	0	0	0.00467180764158918	0.0151824295410522	3.45175378627188e-05	0.00358524923696256	0.00200344243746267	1.74929836884166e-07	0	0	0	0.00453123310919445	0.00569509020761957
T[T>G]C	0.000895034982091378	0.00146921533211688	0	0	0	0.00894156138942607	0	0.00570731188628853	0.00102823433950713	0	0	0	0	0.0128335241202853	0.0042056199896697
T[T>G]G	0.00182797028609039	0.00221484056926843	0.000254579494506327	0	0.00491071494097058	0.0117135625362818	0.00118247346380602	0	0.00660800266708272	0	0	0	0	0.0133739428440739	0.00677346883552943
T[T>G]T	0.00111253718906387	0.00148979863906522	0	0.000320274712653009	0.00641043727367617	0.00905965306746186	0.000197232849763819	0.00237527073520793	0.0045631446354102	9.39270665661631e-05	0	0.0274763130561012	0.000405200823292524	0.0126408812518165	0.00507590884706259
