AAA	112465419
AAC	43531555
AAG	58439719
AAN	67
AAT	72586775
ACA	59305068
ACC	33783875
ACG	7584183
ACN	36
ACT	47475674
AGA	65552502
AGC	41073341
AGG	51723089
AGN	57
AGT	47402622
ANA	15
ANC	10
ANG	10
ANN	290
ANT	7
ATA	60308224
ATC	39076376
ATG	53547873
ATN	42
ATT	73292040
CAA	55220144
CAC	44000980
CAG	59791572
CAN	47
CAT	53866472
CCA	53292696
CCC	38035969
CCG	8026704
CCN	31
CCT	51879761
CGA	6511570
CGC	7021397
CGG	8229488
CGN	14
CGT	7638891
CNA	19
CNC	14
CNG	8
CNN	224
CNT	11
CTA	37665530
CTC	49480594
CTG	59039589
CTN	47
CTT	59336944
GAA	58990219
GAC	27736835
GAG	49560748
GAN	173
GAT	39558910
GCA	42481736
GCC	34497328
GCG	7078341
GCN	34
GCT	40674694
GGA	46021920
GGC	34474569
GGG	38148766
GGN	40
GGT	33786438
GNA	15
GNC	16
GNG	14
GNN	111
GNT	11
GTA	33265632
GTC	27466472
GTG	44578348
GTN	37
GTT	43191549
NAA	85
NAC	33
NAG	171
NAN	2
NAT	68
NCA	55
NCC	45
NCG	9
NCN	4
NCT	47
NGA	152
NGC	14
NGG	36
NGN	2
NGT	29
NNA	299
NNC	106
NNG	181
NNN	150628932
NNT	176
NTA	39
NTC	57
NTG	63
NTN	5
NTT	61
TAA	60347668
TAC	32879433
TAG	37959401
TAN	43
TAT	60212330
TCA	57799660
TCC	44917944
TCG	6712123
TCN	171
TCT	65492528
TGA	57760741
TGC	42162812
TGG	54330354
TGN	54
TGT	59674058
TNA	11
TNC	14
TNG	20
TNN	137
TNT	20
TTA	60159450
TTC	58898927
TTG	56762146
TTN	71
TTT	113868456
